Conference,City,Country,Start Date,End Date,Link
15th IEEE International Conference on Automatic Face and Gesture Recognition,Buenos Aires,Argentina,2020/11/16,2020/11/20,https://fg2020.org/
AI Summit NSW 2020,Sydney,Australia,2020/10/07,2020/10/07,https://forefrontevents.com.au/event/ai-summit-nsw-2020/
IPSN 2020,Sydney,Australia,2020/10/21,2020/10/24,http://spaceiot.ewi.tudelft.nl/2020/
VB Transform,San Francisco,USA,2020/07/15,2020/07/16,https://www.vbtransform.com/
KDD 2020,San Diego,USA,2020/08/23,2020/08/27,https://www.kdd.org/kdd2020/
AI Hardware Summit USA,Mountain View,USA,2020/09/29,2020/09/30,https://aihardwaresummit.com/events/ai-hardware-summit-2020#agenda
DSS | Los Angeles,Los Angeles,USA,2020/11/11,2020/11/11,https://www.datascience.salon/la/
NLP Summit West,San Francisco,USA,2020/11/17,2020/11/18,https://nlp-summit.johnsnowlabs.com/west-registration/
Brain Inspired Computing Congress,Silicon Valley,USA,2020/11/18,2020/11/19,https://www.kisacoresearch.com/events/brain-inspired-computing#partners
Edge AI Summit,Mountain View,USA,2020/11/24,2020/11/25,https://www.edgeaisummit.com/events/edge-ai-summit-2019
AI and Machine Learning strategies Summit 2020,Toronto,Canada,2020/09/15,2020/09/16,https://www.aiandmachinelearning.ca/
Rework Reinforcement Learning Summit,Toronto,Canada,2020/10/22,2020/10/23,https://bit.ly/30kjiUc
Rework AI in Finance Summit,Toronto,Canada,2020/10/22,2020/10/23,https://bit.ly/30p50BM
Rework Deep Learning Summit,Toronto,Canada,2020/10/22,2020/10/23,https://bit.ly/2YKajeE
The AI Summit London,London,England,2020/09/02,2020/09/03,https://london.theaisummit.com/
Rework Deep Learning Summit,London,England,2020/09/24,2020/09/25,https://bit.ly/2YKajeE
Rework AI in Retail Summit,London,England,2020/09/24,2020/09/25,https://bit.ly/2YDqIlb
Rework AI for Marketing Summit,London,England,2020/09/24,2020/09/25,https://bit.ly/2XzEwAT
PRADI 2020,London,England,2020/11/16,2020/11/17,http://www.global-engage.com/event/pharma-informatics-congress/
ConTech 2020,London,England,2020/12/03,2020/12/04,https://www.contech-event.com/ConTech2020
DSS | Miami,Miami,USA,2020/09/08,2020/09/09,https://www.datascience.salon/miami/
Southern Data Science Conference,Atlanta,USA,2020/08/12,2020/08/14,https://www.southerndatascience.com/
ML Conference,Munich,Germany,2020/06/17,2020/06/19,https://mlconference.ai/munich/
Advanced Artificial Intelligence & Robotics,Berlin,Germany,2020/07/28,2020/07/29,https://www.artificialintelligence.gavinconferences.com/index
AI Hardware Summit Europe,Munich,Germany,2020/10/29,2020/10/30,https://aihardwaresummiteu.com/events/ai-hardware-summit-europe#agenda
AISTATS,Palermo,Italy,2020/06/03,2020/06/05,https://www.aistats.org/
ICPR 2020,Milan,Italy,2020/09/13,2020/09/18,https://www.icpr2020.it/
IJCAI-PRICAI 2020,Yokohama,Japan,2020/07/11,2020/07/17,https://www.ijcai20.org
4D Meets AI,Boston,USA,2020/09/22,2020/09/22,http://4dmeetsai.com/
AI Accelerator Summit Boston,Boston,USA,2020/10/16,2020/10/17,https://aiacceleratorsummit.com/location/boston
NLP Summit East,Boston,USA,2020/10/27,2020/10/28,https://nlp-summit.johnsnowlabs.com/east-registration/
Rework Deep Learning in Healthcare Summit,Boston,USA,2021/03/25,2021/03/26,https://www.re-work.co/events/deep-learning-in-healthcare-summit-boston-2020#utm_source=event_listing&amp;amp;utm_medium=website_ml_conference_list&amp;amp;utm_campaign=MP_TryOLabs_HealthBTN2020
Machine Learning Summer School,Breukelen,Netherlands,2020/07/07,2020/07/10,https://bigml.com/events/machine-learning-summer-school-in-the-netherlands-2020
World Summit AI,Amsterdam,Netherlands,2020/10/13,2020/10/14,https://worldsummit.ai/
AI4 2020,Las Vegas,USA,2020/09/01,2020/09/02,https://ai4.io/
IROS 2020,Las Vegas,USA,2020/10/25,2020/10/29,http://www.iros2020.org/
AI/Data Science Conference,New York,USA,2020/07/23,2020/07/24,https://aiscienceconference.com/
Rework AI in Insurance Summit,New York,USA,2020/09/03,2020/09/04,https://bit.ly/2S8vnZR
Rework AI in Finance Summit,New York,USA,2020/09/03,2020/09/04,https://bit.ly/30p50BM
O'Reilly Artificial Intelligence Conference,New York,USA,2020/09/14,2020/09/17,https://conferences.oreilly.com/artificial-intelligence/ai-ny
DSS | New York,New York,USA,2020/10/15,2020/09/22,https://www.datascience.salon/newyork/
IEEE WCCI,Glasgow,Scotland,2020/07/19,2020/07/24,https://wcci2020.org/
ECCV 2020,Glasgow,Scotland,2020/08/23,2020/08/28,https://eccv2020.eu
ECAI 2020,Santiago de Compostela,Spain,2020/08/29,2020/09/02,http://ecai2020.eu/
COLING 2020,Barcelona,Spain,2020/09/13,2020/09/18,https://coling2020.org/
Python Machine Learning Conference 2020,Basel,Switzerland,2020/09/21,2020/09/22,http://2020.pythonml.org
Connected Manufacturing Forum 2020,Austin,USA,2020/08/31,2020/09/01,https://connectedmanufacturing.wbresearch.com/
Artificial Intelligence and Neural Networks,Dubai,UAE,2020/06/18,2020/06/19,https://neuralnetworks.conferenceseries.com/
IEEE International Conference on Image Processing,Abu Dhabi,United Arab Emirates,2020/10/25,2020/10/28,https://2020.ieeeicip.org/
CVPR 2020,Seattle,USA,2020/06/14,2020/06/19,http://cvpr2020.thecvf.com/
Applied Machine Learning Conference at Tom Tom Summit,Charlottesville,USA,2020/09/23,2020/09/23,https://tomtomfest.com/machine-learning/
DSS | Seattle,Seattle,USA,2020/09/30,2020/09/30,https://www.datascience.salon/seattle/
FODS-2020,Seattle,USA,2020/10/18,2020/10/20,https://fods.acm.org/
Rework AI for Good Summit,Seattle,USA,2020/11/12,2020/11/13,https://bit.ly/2G3Jxqq
Rework Applied AI Summit,Seattle,USA,2020/11/12,2020/11/13,https://bit.ly/32gXf2D
DSS | Elevate virtual conference VOL 2,Online,,2020/06/18,2020/06/18,https://www.datascience.salon/dss-elevate-virtual-conference-june-18/
ACL 2020,Online,,2020/07/05,2020/07/10,https://acl2020.org/
ICML 2020,Online,,2020/07/12,2020/07/18,https://icml.cc/Conferences/2020/
DSS | Elevate virtual conference VOL 3,Online,,2020/07/30,2020/07/30,https://www.datascience.salon/dss-elevate-virtual-conference-july-30/
DSS | Elevate virtual conference VOL 4,Online,,2020/08/27,2020/08/27,https://www.datascience.salon/dss-elevate-virtual-conference-august-27/
AI for Good,Geneva,Switzerland,2020/09/21,2020/09/25,https://aiforgood.itu.int/
